[
  {
    "id": "acdbc61a-ef20-4249-a5e3-5583d30395a6",
    "data": [
      {
        "text": "i",
        "userDefined": false
      }
    ],
    "isTemplate": false,
    "count": 0,
    "lang": "en",
    "updated": 0
  },
  {
    "id": "1ad8c88e-22f9-4e6b-8f6c-021c655d8fdb",
    "data": [
      {
        "text": "Do you have fast delivery?",
        "userDefined": false
      }
    ],
    "isTemplate": false,
    "count": 0,
    "lang": "en",
    "updated": 0
  },
  {
    "id": "113331ef-d11a-4021-921f-1cd6585f973e",
    "data": [
      {
        "text": "I want same day delivery.",
        "userDefined": false
      }
    ],
    "isTemplate": false,
    "count": 0,
    "lang": "en",
    "updated": 0
  },
  {
    "id": "5790c304-0983-4aa1-881f-61ed734acf6c",
    "data": [
      {
        "text": "Can I get express shipping?",
        "userDefined": false
      }
    ],
    "isTemplate": false,
    "count": 0,
    "lang": "en",
    "updated": 0
  }
]