[
  {
    "id": "55aafd49-37f4-43b6-81e4-31538c1325f9",
    "data": [
      {
        "text": "I want to talk with customer support",
        "userDefined": false
      }
    ],
    "isTemplate": false,
    "count": 0,
    "lang": "en",
    "updated": 0
  },
  {
    "id": "2f3ffc47-3885-4dd9-afe4-7546c77b0bc5",
    "data": [
      {
        "text": "I want to connect with customer support",
        "userDefined": false
      }
    ],
    "isTemplate": false,
    "count": 0,
    "lang": "en",
    "updated": 0
  }
]