[
  {
    "id": "3e80333b-7ae7-4a46-bfd1-793d61e69987",
    "data": [
      {
        "text": "Where can I find my tracking details?",
        "userDefined": false
      }
    ],
    "isTemplate": false,
    "count": 1,
    "lang": "en",
    "updated": 0
  },
  {
    "id": "b7d1cc97-db34-4ebe-80d8-24d96b9a16db",
    "data": [
      {
        "text": "I want to check my order status",
        "userDefined": false
      }
    ],
    "isTemplate": false,
    "count": 0,
    "lang": "en",
    "updated": 0
  },
  {
    "id": "9956f231-bcf0-403d-830a-d3acf35847dc",
    "data": [
      {
        "text": "Order status please",
        "userDefined": false
      }
    ],
    "isTemplate": false,
    "count": 0,
    "lang": "en",
    "updated": 0
  },
  {
    "id": "f72fe32a-6d6c-4e94-9e5d-fe7eebd5db98",
    "data": [
      {
        "text": "Track my order",
        "userDefined": false
      }
    ],
    "isTemplate": false,
    "count": 0,
    "lang": "en",
    "updated": 0
  },
  {
    "id": "1c2f7b18-91a3-4cf9-bb44-9c06ead1cd80",
    "data": [
      {
        "text": "Where is my order?",
        "userDefined": false
      }
    ],
    "isTemplate": false,
    "count": 0,
    "lang": "en",
    "updated": 0
  }
]