[
  {
    "id": "d43cc69d-7cdc-4c1f-b90e-30974e7963bc",
    "data": [
      {
        "text": "is cod available",
        "userDefined": false
      }
    ],
    "isTemplate": false,
    "count": 0,
    "lang": "en",
    "updated": 0
  },
  {
    "id": "acc8d28c-cacc-4048-ada0-c68b25807f35",
    "data": [
      {
        "text": "is there cod?",
        "userDefined": false
      }
    ],
    "isTemplate": false,
    "count": 0,
    "lang": "en",
    "updated": 0
  },
  {
    "id": "f54dde35-478a-48a1-9c03-a46f590c8028",
    "data": [
      {
        "text": "Can I pay using UPI/ Credit card/ Debit card?",
        "userDefined": false
      }
    ],
    "isTemplate": false,
    "count": 0,
    "lang": "en",
    "updated": 0
  },
  {
    "id": "a501bc5a-ef45-4f92-a714-c12ed9e82307",
    "data": [
      {
        "text": "Is cod available?",
        "userDefined": false
      }
    ],
    "isTemplate": false,
    "count": 0,
    "lang": "en",
    "updated": 0
  }
]