[
  {
    "id": "6cd4898f-627b-4b0e-aac8-f2eda693e731",
    "data": [
      {
        "text": "i want refund",
        "userDefined": false
      }
    ],
    "isTemplate": false,
    "count": 0,
    "lang": "en",
    "updated": 0
  },
  {
    "id": "d8f7561d-87af-48f4-bd2a-4ca62c353ee9",
    "data": [
      {
        "text": "How do I apply for a refund",
        "userDefined": false
      }
    ],
    "isTemplate": false,
    "count": 0,
    "lang": "en",
    "updated": 0
  },
  {
    "id": "0e6fb036-b19b-4091-b130-5953f7240075",
    "data": [
      {
        "text": "when will i get refund?",
        "userDefined": false
      }
    ],
    "isTemplate": false,
    "count": 0,
    "lang": "en",
    "updated": 0
  }
]